treat,,CTR,CTR,CTR,CTR,CTR,HFD,HFD,HFD,HFD,HFD
mouse,,AL1A,CC1A,CC1B,CC2B,CC3A,HF1A,HF1B,HF2B,HF3A,HF3B
coarse,mid,,,,,,,,,,
315,184,0.9057425577801715,0.7452409395795717,1.2080353455720598,1.2523225825199997,0.5960821508435389,0.7585433915984112,0.7317203996141187,1.2531141541036357,0.81179566610026,1.0147911877933091
315,985,0.8759208861519202,0.8404438740056018,0.6756942261799546,0.6808356339901682,0.7597973727859696,0.7628428830343186,0.974666547854738,0.771494780766506,0.6613700786397169,1.0085016861815215
315,993,0.8283193349685728,0.6682896191255383,0.7080115579603351,0.6216666981728075,0.6737363879824754,0.6264284844033645,0.83114725368212,0.7233621647478392,0.6143052647298423,0.8726640981667584
315,353,1.3822980341779725,1.3282888617410622,1.099839327231019,1.1010983242260899,1.427346097249819,1.5779326064255297,1.7431437161909982,1.0980952525707064,1.5705713211097694,1.6047023801052347
315,329,1.2779493056562234,1.3408143625495519,1.0382495687845088,0.9721681746502885,1.219744596228894,1.2880316591688263,1.3466258400221216,1.177512114019029,1.2066203044593349,1.613494398319865
315,337,0.7393097705036631,0.9335729964248991,0.6731121874012111,0.68749468189102,1.0090284520267936,0.9349829336391114,1.051333049730282,0.902037383852589,1.017428315587985,1.2232134114212143
315,345,0.962225512155721,1.1632335380486685,0.9773557921429562,0.8996673369134544,1.170211553308548,1.1240597119744111,1.1551651478609049,1.04923867538659,1.0698265063697283,1.3529078195361852
315,369,0.9670045707830288,0.966128559545115,0.71347543469749,0.6706286875716931,0.9677001632102198,1.0485464703997514,1.1653683398793833,0.8166303132585129,0.9085455290439935,1.3824546142732128
315,361,0.9321197290762079,0.7062304189999187,0.8304873234581805,0.6664115352383527,0.6918542362504421,0.8298714740874505,0.914053431138389,0.8277644137716363,0.8002756820336714,1.1782855190200925
315,182305689,1.1352182394032542,0.946610457378391,0.821732769627676,0.7063165299530091,0.9808389854242731,1.1403314883828113,1.2734021722083233,0.8691382429739274,1.0824177864320264,1.3965221123394922
315,378,1.038105774474459,1.0768888091273674,1.057955679479519,0.9321178211190377,1.105543737934611,1.1588098416126944,1.1614318203468779,1.0631376686251546,1.0481574668038727,1.2569542685227748
315,1057,0.58691609372015,0.7114480013027676,0.6743391800279986,0.5970689530818237,0.5274270304161437,0.6099124070081112,0.7074299423890087,0.7548523349858894,0.5958321154269132,0.7669819132909661
315,677,0.7489504298420898,0.6516411556684244,0.9644146055212786,0.766249407665576,0.6918354628349452,0.7929253639641883,0.7977685969953762,0.7393817863988994,0.769710874375047,0.96265082630882
315,1011,1.3344923905556074,0.8607210889050159,0.7774361626350982,0.6012313182393614,1.070329718526661,0.8253885260654029,0.7330310611243925,0.8511646169675672,0.8665960766372138,0.8372044300613303
315,1002,1.2911823133323346,1.2054279604549563,1.0954070741162023,0.7937586264776301,1.3263780243363585,1.0863378252258895,1.0518541959439294,1.051447493251069,1.0507134526033814,1.1639037897814637
315,1027,0.7457453371425701,0.8468467156387325,1.0149023022696637,0.5949851817657018,0.8459551507042742,1.0775162076117435,0.911636973760242,0.811696727853528,0.7400583558449033,1.0852157610197837
315,1018,1.093947786730695,0.9373574792534514,1.0474033785604413,0.8580787827653577,1.0128837242836375,0.9161006021029461,0.8339210651347989,0.8969089179157842,1.05478761958319,0.9269576954368535
315,402,0.8588453888012415,0.8076867395901448,0.709961818843185,0.45807654107775714,0.9055950641735871,0.9507702093497539,0.7101789024304224,0.7354292352739183,0.8013783194401014,0.95909509396608
315,394,1.065785913927013,0.7400320549846675,0.6341500772357893,0.5938620584522528,1.0028289166643205,0.6917952558945666,0.79555901724263,0.7316332965204956,0.7235845255420414,0.5558765698549376
315,409,1.1188017170978917,0.8158062520335461,0.7015745429382008,0.611402723545971,1.2351285206511189,0.9854537411794764,0.9003619831830103,0.8549416000610833,0.7144871187515796,0.7596485407019666
315,385,1.1691006440211231,1.0854132666206695,0.8578874558628551,0.7566452882184724,1.4487397109287428,1.188779105806144,1.1760104098367075,0.9904324629502307,1.0103023231337853,0.8964517434217887
315,425,1.0526842595946238,0.8800644654583774,0.8262277246256969,0.21662466789602197,0.9297644190759773,0.9635206025488403,1.0628221790517411,0.5988590625221727,1.1981277852714292,1.0519322226994174
315,533,0.9460707824135687,0.8533802565865092,0.6981160806530207,0.5935455522192798,0.9719867572012241,0.9065097170764037,0.856111645766726,0.8550318322736943,0.8766326191806362,0.6929585398477232
315,312782574,1.128024534236031,0.7257496035417984,0.679581266428699,0.5933077204279305,1.0569836100472751,0.878426228082986,0.8039672690211801,0.8135413277555242,0.6602650832691145,0.7518799800814971
315,312782628,1.2004009914746054,0.7596448599740488,0.7733383291072616,0.6026792505399713,1.0401641359154958,1.0316304201999436,0.9374979444853755,1.0162021825166387,0.7922470755132477,0.8265711150793547
315,39,0.8057149385510093,0.706853076595384,0.7485910116100501,0.6308448772120776,0.7348016794050244,0.775620403317587,0.8909610586843226,0.8003404847727698,0.6903085453351063,0.9002239258888407
315,48,0.781121259720827,0.8851932080340084,0.9226033509108915,0.917322796961224,0.8348570606502064,1.065604408048369,1.086428061097483,1.1327128648443658,0.9064417469312707,1.1666692159894014
315,972,0.7387859812813494,0.5316279347550363,0.7837999390642978,0.5482248652569107,0.40581015413812815,0.5767712187084049,0.6349177309683909,0.5949334424906185,0.5223654561354293,0.7295646601145389
315,44,0.5948261764823145,0.49020995034104037,0.7019857814443743,0.5089263723047354,0.3109619154134931,0.6718786667754633,0.5717419711809443,0.47250998240635245,0.7170516510878866,0.816018794316657
315,723,1.303534175760569,1.118540820256649,1.4285273275151125,1.2247517608565912,0.7663495220636208,0.887171617589326,1.0199921994848384,0.8576652483326493,0.9649802870237697,1.316927121892723
315,731,0.7208415561862564,0.6163032055730033,0.9103486275666812,0.8852561900169026,0.2716032517398228,0.5947892845838743,0.6286372728739625,0.9043257867638819,0.7075366435505023,0.8806428859782899
315,746,0.8617753690828013,0.7999034031079011,1.0579487887025334,1.1155610727603742,0.5067211385688183,0.6746658333589429,0.7895827265792124,0.9121584781730171,0.7339581695319183,1.059609103786158
315,104,0.751945592857873,0.7000584881822037,0.8649595420283833,0.8403887138101658,0.5839286296423669,0.6114804936258145,0.8111307420774067,0.7080478431657279,0.6109402992267983,0.7933745149946908
315,111,1.098814073353586,0.6458004293760371,1.0378868320993728,0.9545780721304556,1.1811894605248312,1.0737199879467039,1.042001132964162,0.8537529610621792,0.9747734236549536,1.2063109192633945
315,119,0.9546415620228792,0.8832095768704027,0.9512557000663703,0.9517833100971839,0.8738579105087507,0.8582095835497671,1.014980479515402,0.806345635873272,0.879126503052966,1.0019635096888777
315,894,0.8814030318964861,0.7283481971616604,0.849804136360272,0.6890537779118608,0.8423833710675936,0.8743814187868599,0.9452865070997333,0.899051622384944,0.7853090179299864,0.7913754117312469
315,879,1.42788479303271,1.4230600113601617,1.3579342257231715,1.2649031815544405,1.5194244299211075,1.4017967520047305,1.3915351296400218,1.4060497331099948,1.1438673940463697,1.2285152481831187
315,886,1.9139369785483253,2.0714132568635413,1.7029354258548428,1.6416583762547998,1.841968936900859,1.9896668578676509,1.964207319762152,1.7791319015633638,1.608870939667746,1.7320512102770746
315,312782546,0.7963220578318375,0.6418790495352501,0.7290051078521351,0.7106465267814143,0.9417192616176482,0.6302331303998256,0.6704672011525626,0.846907538092556,0.7070942952322083,0.8572436994501852
315,417,1.213923638862343,1.1190202142464034,0.8419780498788768,0.4810643062701095,1.175195724798767,0.7998386286098076,0.9411873206438627,0.9188233267363566,0.9250703062379031,0.8187049681508959
315,541,1.0906207484538177,0.7081960186609203,0.92639764318914,0.7956224479780556,0.9422772948806735,0.8471203981843616,0.7832350969770452,0.878898220446392,0.9258753282326796,0.8652712353416113
315,922,1.114071447406726,0.79199463231233,1.055611291316468,1.1327386977715113,1.2860321997845738,0.8836576424452216,0.7643432481705,1.117959846093351,1.1000573865187322,1.145310475346131
315,895,1.050892939462105,0.7137793644099268,0.8952640570392545,0.8060181545748645,0.8416681182785323,0.7563588467071397,0.7525627887118692,0.9377381667280729,0.9811178010180074,0.9037712299622767
698,507,1.6266670399980174,1.608019162159699,,2.1201059583149156,,1.017772557197598,,2.3204308378244956,0.9093995000923234,1.3482700716316793
698,151,3.76355508480397,3.3413919918301507,,2.7351015843224973,,,,5.1729790654932755,2.0248364909251615,3.820532365839221
698,159,1.7529340674484877,1.46521983744971,1.5173655702830748,1.5996075218076076,0.3613262586370078,1.3701765644169064,0.6732874814952099,1.2157816126105958,1.1200423352622397,1.518595318203897
698,589,2.504427589815367,1.887457661700568,2.150709968718501,1.8518455929319435,0.627183018577397,1.9167168363918028,1.2982202093441124,1.231187857032837,2.077008421919362,2.15296917703444
698,814,1.2279562912257087,0.8036858417360278,1.1029049871057852,1.1134883920110032,0.49419481773327595,1.2832592137722707,0.9425715493736684,0.8550484256847942,1.2521570135847513,1.231724789685743
698,961,1.9905135930824995,1.8779777956948778,1.9721577928238436,2.437867931558611,2.353390718799475,2.1947265586421576,2.0162729338904986,2.033186108996827,1.863477773442874,2.052038802211012
698,619,0.9700909658499232,0.5449663080051714,0.8142862017235024,1.0062746258074444,0.4441197021350762,0.9160216123467381,0.6697214349492991,0.805836482572787,0.8384710186053108,0.8842667407026867
698,639,1.1862095154304069,0.8728062476655183,1.2238237109483818,1.46958105313299,1.0422631480720856,1.1090388234844721,1.3355070088567365,0.5217920833368083,1.3394568884397955,1.3954518516861003
698,647,2.275825205718809,1.6076164058906104,1.975331575253232,2.1499556923059324,2.16834031013262,1.868651233562192,1.5213253598960694,2.2170623487154013,1.626252012428971,1.7197939713885544
698,788,1.8159027712716997,1.6487324279252638,1.9417964853660292,2.7075881743402177,2.3877132661162843,2.0205707547938525,2.0490360390006144,1.9798612435400442,1.816151529043925,2.08265102854726
698,566,1.1878876840891774,1.74848247800523,1.5831280867787307,1.6501280560910068,1.6938806309556342,1.675715139496267,1.1797651820427673,1.9963039404637395,1.214083217110851,1.35158996950523
1089,382,0.8958683337155651,0.8724515434987847,1.2307594806108746,1.154043771185228,0.9101668854004601,1.072590908294636,0.9041293613670189,1.135707472866556,1.1889698615141935,1.0024255671874236
1089,423,1.4899258958588328,1.6341563931568268,2.0490622121675677,1.7282099442600731,1.4392468409353854,1.7936958624384136,1.4247488787400011,1.8385850296592527,1.9108995683117116,2.004011328820773
1089,463,0.8560908600796916,0.8004581026151817,1.1623020480815904,0.9073565190108227,0.5910533641236424,0.9807076658081747,0.8320446102249054,1.0940416655979648,1.0345224921850174,0.9370637899542046
1089,726,0.9124898832257285,0.6636903340754978,1.0314793147648744,0.9229107126906306,0.610669345103583,0.8900629746424215,0.8186286325920641,0.9959723068480649,0.9696816826844868,0.8547738907070083
1089,982,5.440306328585234,4.875576438913717,4.855433440304308,5.314650630011571,6.518252120336122,5.915638996870183,5.448788581010314,5.590981048840395,5.5964186628345,4.551158213743541
1089,19,3.0067271679220697,3.470618441229526,3.6685721968899996,4.127747494937811,4.372783990893912,4.210991217318837,5.397241839068389,4.969682895177049,3.629439178691131,4.196455250801736
1089,918,1.0939206934759973,0.9825457840872023,1.235662450874804,1.4272193603579546,1.4981656169173405,1.1751206634114721,1.0878262458990589,1.395704476964248,1.2282990541660135,1.147371322110036
1089,926,1.171631153872087,1.0967294023824712,1.4368075367747135,1.0078632016914428,1.465254953656173,1.1403737877221698,1.2920515219888038,1.2968664692410652,1.214715503091026,1.208396450370096
1089,843,1.3606829175006436,1.255369576893972,1.2458085957557932,0.5100830278098056,1.6672359162880241,1.424142880291976,1.3900737120383222,1.3560880689731982,1.3602818995102934,1.3794805495052627
1089,1037,1.5659288899845696,1.418203675028324,1.3928539887162108,1.4451034150115605,2.0675781610073063,1.7070002710262895,1.510999008208146,1.4760946103350654,1.538250501641289,1.218914329036487
1089,1084,1.2494937540084663,0.7742689494898747,1.2163755977406667,0.8010186381837096,2.4957786674225892,1.3238495010041726,1.1489001573663162,1.5160986283682285,1.3732882032215992,0.9783955823750107
1089,502,1.2012617690637903,1.128689169773422,1.3520823990883826,1.2934902582780847,1.7797415903771237,1.3947021866557756,1.3107188854826777,1.5579327615507486,1.4537580875586924,1.0891857476836169
1089,484682470,1.549890476288618,0.6990797336547716,1.237145348463281,1.3349772058494225,1.4365698873200987,1.00078184368435,0.9244130449891782,1.3098135888222893,1.3965414718828317,1.243531779689581
1089,589508447,1.016264190021566,0.7369702230604406,0.9117973791265095,1.090185743077303,1.0540670333054927,0.7738054460248682,0.80904674093506,1.1113091854354764,0.9039972604537895,1.2307871414530953
1089,484682508,1.0566601580946346,1.281350921757679,0.9835181712051057,0.5196484459894416,1.1819900658316917,1.7787003185999364,0.8483556789451325,0.9311702034112379,0.8904342333386126,1.2563354234010302
703,583,0.6788288832630798,0.6391115241363555,0.8007527497542573,0.6145679925457084,0.4382371492101648,0.6736635704371031,0.8386017613094776,0.7438281238046444,0.6323381983002515,0.7452714958786308
703,952,0.8080564258050488,0.7190626653171625,0.9711836042191498,0.8639288448502233,0.6256748157713158,0.865180323379336,0.7351339302159674,0.8807495813749906,0.8077564338351976,0.8934083853543231
703,966,1.0273591789233365,0.9782627246195321,1.229614340121066,1.423056746543445,0.9392748384211327,1.1769838223569271,1.0416804621610776,1.2435576948098948,1.0794151410002515,1.0998066397005766
703,131,0.7250745729770286,0.5685284219023388,0.7709999859363678,0.7760564972589477,0.5070573390790934,0.6390854718881692,0.3898605743689273,0.707705081198394,0.7806562870044713,0.6358749772641082
703,295,0.8404695639152313,0.8042282019937815,1.0675898579660998,1.0415197974424464,0.7582730862614534,0.9174233894211895,0.7254652895687878,1.0162732325911963,0.9230649082304949,0.8745356340919125
703,319,0.9422730902063178,0.7820226231559273,0.9898583604192519,1.0218163697601332,0.8636708499663364,0.904213041090412,0.8367604890001823,1.0012627251388315,1.0512325363352588,1.019164837030511
703,780,0.9116446935664352,0.634444796986512,0.7586663010300438,0.7954763709539904,1.0709600510680932,0.7885681814998451,0.6600896895503809,1.036982459254268,0.9442806751273198,0.8854151758375163
477,672,0.45762809944260185,0.49881029620398654,0.6037025142018291,0.4979397899805992,0.37842959943878146,0.5581284747911501,0.5894533104909898,0.6077587310099214,0.5398387108805566,0.6079439143222416
477,56,0.3802592800870287,0.46948030999055235,0.5465395665424555,0.5695091881598084,0.31642775475570695,0.5590884446380188,0.5418264647984931,0.6838800945277299,0.5800990767453579,0.7141724187781217
477,998,0.6081513527830535,0.5618417365627525,0.7198746635049577,0.6384616992464177,0.4497779697296044,0.6174903658841426,0.6948948439474053,0.6686972076026815,0.6482550980376247,0.6590664806333254
477,754,1.1359301171292902,1.279324787154135,1.119059845261214,1.3231827473254256,1.2513242749611562,1.4555185737245628,1.426623181031036,1.5012217610163248,1.207581624848935,1.5561144664541198
477,250,0.7088608003369788,0.47948923650251984,0.9593305876571897,0.7894383562414443,0.47996800375250703,0.8026606573542113,1.000831125690797,0.9294423172618563,0.673769230410888,0.7620001623951678
477,258,0.7751297712688819,0.7917083346348152,1.2650991212351799,1.0519536031603087,0.6215476309986288,1.0713035696123334,0.995411589597978,1.386338272979827,1.0308245626438317,1.2742739774651088
477,266,0.548900448416337,0.5877723159665044,0.799350580445143,0.7543023837247571,0.36391423534104206,0.8042632136627942,0.658195917036665,0.9711477236470859,0.573842749920553,0.8177396904440745
477,310,0.8243230255348345,0.5536398165750321,0.8972441396656824,0.7273401253533257,0.5614647208332592,0.7923981665101318,1.047206500925262,0.7133159173005378,1.004567295929701,0.571305901770296
477,333,1.079919731156291,1.2861359833760926,2.413510183650194,2.4275508334341813,0.8765655542904138,1.2411259740042384,1.2201989616149165,2.387005577204049,2.0699486338856894,2.7761255384504624
477,23,0.7432738963245838,1.1370825545823515,0.9798522651398367,1.5647871784819494,1.2196719797925408,1.4689443539919966,1.1418859728185073,1.3015901003459305,1.0964742429845704,1.0328697618039113
477,292,0.8264248800616254,0.9106545502266279,0.9941209062641952,1.068289358000114,0.11709464847783904,,0.7309810600971739,,1.053997983750483,1.2923701233448233
477,536,0.7519185621794932,0.5236321769078732,0.7438872262452815,0.648562055111679,0.48263855827456736,0.6681135788464031,0.5519638469168126,0.5834473223419314,0.8411072854636665,0.7809903058177394
477,1105,0.7901148292504724,0.5528705159615885,0.9524516048747192,0.8142050491154712,0.4215268265788154,0.694658086359225,0.8079546607482713,0.7756389592962362,0.9442799998082925,0.7929342244597681
477,403,1.502572227892939,0.7178951864458352,0.9328831948905981,1.0667986742394422,1.5234885281041401,0.9632534268782976,0.878633777435488,1.0516303686657942,1.5589074455653207,1.1223548967715642
803,1022,0.9197409595670525,0.8730116758166778,0.8832609907039695,0.8885572088071354,0.7625453370992756,0.9441309137806759,0.863530208447396,0.7220758238125762,0.8504321221262569,0.7143170981111282
803,1031,0.7476523602175575,0.6795436605560216,1.012197700902492,0.9045141149155117,0.7543012944865313,0.9327618144608588,0.831240215928736,0.5892179428052075,0.6586197083431194,0.5220428579304477
803,342,0.7483653429267131,0.8783664210906913,0.9274467543521392,0.8832453872019324,0.6169005423465025,1.1017072662718688,0.9454712227119387,1.0506501670035608,0.8295053721316418,0.8963712246223949
803,298,0.8570495955440305,1.2457976689728865,1.3067539772532366,1.3641747687999795,1.2270210406499313,1.8572240456497677,1.9260184953511608,1.4662311085580915,1.4552860005453523,1.1720850852596942
803,564,0.6352640357680547,1.2117444664469768,1.222551605623133,1.2498465854633287,0.8353159809879228,1.5164739529947302,1.242273504981493,1.4192559306641988,0.886765136089982,1.1705051991386834
803,596,0.6972172590716106,1.044098545212713,1.294343440068981,1.0734412371196649,0.9567623934783589,1.3161928027581007,1.5357031630405453,1.4974874715143316,1.1601308123431635,0.9925069930557981
803,581,0.46677371966096876,0.5760261939884403,0.7684198781794127,0.8265878841325092,0.4315285354174739,0.8677987201961896,0.8964760423942548,0.7762243012956559,0.7316943629161878,0.5990109864699709
803,351,0.7050839775608421,0.5695018885023625,0.6991415960310763,0.8278309752570845,0.6328761191546792,0.7495859885919379,0.7318458578451138,0.8053845618936507,0.869296760717204,0.8516974403336254
803,287,0.19428863177129835,0.26895295778751205,0.46067310955841834,0.6473002422395769,0.836798392861946,0.9634276338409908,0.6013839366787486,0.7773545472132448,0.5730524998687913,0.6944944344310338
549,629,0.5984460030175198,0.6886646257118147,0.6729152396887442,0.6118428517362997,0.5406266058336758,0.7147938035590222,0.5699673867315799,0.5004084655732461,0.6489583065239711,0.7718230793862301
549,685,0.6979143142751749,0.6720857248588932,0.7721993033312239,0.9988033582440212,0.48736278099636204,0.6185927022583326,0.7627447014661937,0.7641965553541042,0.689203024508226,0.5338601671484592
549,718,0.6602517529935517,0.7674322259896912,0.6982387811672309,0.5600509667332859,0.512803098244963,0.6420244065133148,0.6330466461846634,0.5844813284578112,0.6786390618364422,0.5946189262470749
549,725,0.4834527764800332,0.6507293001056382,0.7320361371333421,0.7348004803373308,0.5718900902086405,0.3893771176417143,0.43606774374981094,0.8973874718674403,0.6297671128256896,0.21253378636092843
549,733,0.5624206001848497,0.6408878477945739,0.5277636298349374,0.5871389367459781,0.511929835778579,0.5083269057795617,0.48153022088887876,0.52359135394542,0.6835007114045626,0.4655438625950628
549,741,0.4694074386292464,0.8593209551799207,1.0229242064928548,1.216452260975449,0.2343775157947628,0.5460029541097612,0.545476042968649,0.9675341120220229,0.5022054077061437,0.2979792537184856
549,563807435,0.8372461121324093,1.1201154814591323,0.7702199517488519,0.5817769274998166,0.6606987735023415,0.8371863535732766,0.870899258676202,0.6774399114412588,1.2603411143263972,0.4508108794515626
549,414,0.6287277253860993,1.110249677034902,0.9089640920419284,0.7373302873391825,0.2982230449486494,0.8167809063856654,0.43224392971786624,1.0411989879532726,0.6264502371119826,0.8167279109054487
549,422,1.074798609295238,1.2464776168371445,0.8010822063162788,0.614918704715822,0.5538405946948389,0.6326829736938406,0.8963233454609192,0.7659050867728319,0.7827176364432799,0.523583809818166
549,609,0.6320924140035367,0.7641769081630052,0.572699789644581,0.7567070974468924,0.3279714324236541,0.7690978879764482,0.30474157947044356,0.5529817162965094,0.7984874599913933,0.312208908890333
549,1044,0.6909996493267336,0.9610065308138133,0.9728519288784543,0.9189252076560513,0.5119839976192562,0.6673836734504446,0.8381175318019544,1.010992706080978,0.9601455003145966,0.42979935885397935
549,475,0.7469045161645734,1.0592506688449799,0.7192169654679172,0.7190954074322081,0.6471852128594329,0.7748656807197133,0.8906981384170063,0.9220313908876783,1.1216397899524528,0.5505352749867122
549,170,0.6417731509904461,0.7027421310230738,0.5467875907292145,0.5583153056896664,0.5476925768643518,0.6722170853174708,0.516099881837985,0.7250612734656091,0.8726108997005826,0.38417054305560694
549,218,0.6012213302902076,0.6803339723229459,0.5708941826170949,0.5796266070702508,0.45319908577673185,0.5599374857966204,0.4588529439072854,0.6741829659340766,0.7284387065185302,0.370495193120843
549,1020,0.43509085439078615,0.5498371461116145,0.44276440115268434,0.4945480031278857,0.400605254315243,0.4537963080797396,0.36791786595417675,0.45613650467316824,0.5434451832972693,0.3783923621719658
549,1029,1.095057637690392,2.450466777005048,1.1647313653384448,1.0050988764369193,0.9645051598670021,1.4598984616654969,1.407470963235629,1.4823880968478431,1.7245157281647063,0.806909197710229
549,325,0.6278020639992079,0.812083683676879,0.749598626720931,0.6557965577334247,0.44073005897426715,0.6375103132206362,0.7843700194168017,0.8925274227305575,0.8774456496836046,0.42600137430460466
549,255,0.5017210713527513,0.5961008202088389,0.6332648277916464,0.5444842240109392,0.305237412146477,0.872869620210689,0.586740640305011,0.5978526652516145,0.5539224525233383,0.5861227725237477
549,127,0.46422596772161184,0.47362647096389604,0.5913443402311659,0.5563335214371629,0.2770450006047227,0.6718687529262767,0.4990649640783644,0.4228315654693872,0.4864841440522167,0.46412634608866554
549,64,0.4668955591639664,0.6107405120078406,0.48107346876838764,0.31947589723037134,0.23128303640492737,0.7381459368053613,0.4174071222360735,0.571486586792587,0.4346105642046705,0.5436796653605689
549,1120,0.6335596726298318,0.39280031069425103,0.5021092144314019,0.36886461971156964,0.2278585263765805,0.4931853122350603,0.3481792133759771,0.4053500161785244,0.36299852420031536,0.5396159096636536
549,1113,0.40872197822678724,0.4950618407962615,0.5102528965026292,0.41319927584490457,0.24440285182296073,0.6944169243930565,0.3970593906343824,0.4615661830804379,0.45584741751447466,0.47027642278554693
549,155,0.6557151903229175,0.5909451740615375,0.7975577935959054,0.5911664649409853,0.42374184781838237,0.8590568159850493,0.6745391898007493,0.6736176827281174,0.607978369338673,0.7128948401585762
549,59,0.3398251279723347,0.44761617726156905,0.5659936056762486,0.6434526908018886,0.22342700284609798,0.39451375674044115,0.3342894062224858,0.39721541186513193,0.36265665322303026,0.31645756624154364
549,362,0.4593107830445756,0.5073170592942304,0.5736262564770382,0.5329930526747467,0.3436694457579756,0.5267446140462361,0.44580118044544725,0.4099997547784899,0.4859755887695724,0.4686749007213957
549,366,0.384592964909668,0.4781679202595411,0.6876798161409797,0.835770464133539,0.4870465469173973,0.576028554864075,0.5972946472529956,0.47748146082084714,0.5133222271210248,0.6281182576960531
549,1077,0.5526323642959349,0.5230759885260212,0.6728492980247428,0.8125457004959658,0.3592180255063503,0.7262690396362728,0.6255936619600596,0.6057678407913641,0.5784250146354091,0.6170403593173577
549,149,0.2581377255197246,0.29375247999994103,0.31935472990954106,0.3680443945696115,0.13468956311191987,0.2838630942803579,0.2438100251117205,0.3236066310476012,0.1980915624466777,0.20427682192351096
549,15,0.3558014437934741,0.4164857137783866,0.44303957970357455,0.5662784372793194,0.3236385483835706,0.487534961208756,0.45607812854692775,0.5085969103333834,0.3197098766020681,0.40937428135490533
549,181,0.4628383456873725,0.4642863272458517,0.5798038369900241,0.5957606259110256,0.28195136201295434,0.5815622748404955,0.45757810172866925,0.517133140049175,0.4535087373729428,0.539547418388943
549,560581559,0.47602352721556745,0.39527745706189427,0.5769634441521196,0.5603468713334759,0.2750704330121607,0.5648967900286925,0.3894151576543159,0.4537000130969311,0.3944973690042413,0.5214426374465533
549,189,0.42640984506372054,0.38333229291837095,0.5951084609286794,0.676218844104804,0.3198863919075614,0.48547271834962014,0.4264473285914177,0.3777958688171421,0.36568491719935214,0.5108564611715081
549,599,0.46031000507971787,0.48922062007634726,0.5900670976849098,0.6800464181536199,0.3828653648462236,0.5688535190659118,0.43822250371125016,0.4095140352403948,0.5085875853910822,0.5247724093376889
549,907,0.5257949995637294,0.580482453200458,0.6236115228556205,0.768065465380533,0.507960052863143,0.5297621592299497,0.5013350439612466,0.408772117646521,0.6238583285632935,0.6394891410332456
549,575,0.5282327958314332,0.516596351099301,0.5836317560878024,0.5067208788033918,0.294293319205313,0.5392858457245553,0.4844854606012657,0.38828001259341366,0.502964542505849,0.41586665400794165
549,930,0.6256924897436235,1.0438843972986296,0.6420163914391064,0.6367973155126009,0.6306658508039938,0.691931107319534,0.3270251740304325,0.7454550292526164,0.7298370330045895,0.3718788695119312
549,560581563,0.6404025012347011,0.8238026725712158,0.8653829080568252,0.8173993178389785,0.5479571850946633,0.6874385659365058,0.8359334116224469,0.948995529367173,0.99018759023116,0.47644767365225443
549,262,2.3456053004923794,2.3918660262350597,1.9215361267876718,1.646611402167761,1.8996020144008863,2.1656468440688297,2.372010134700912,1.7797543290883724,2.124613718271964,1.566352416415943
549,27,0.7154470270701571,0.7712692225563115,0.6264751605960163,0.4954222350968424,0.7240350214689077,0.7107756961046721,0.5246814902785057,0.8479258769120994,1.010977273270368,0.4834107162308031
549,563807439,0.9936395102484004,0.8571781481057865,0.8070089852942403,0.6210432226628292,1.3600068136937267,0.8188458954588551,0.6722215989229277,0.7988644131820982,1.4040004025461625,0.704590380334987
549,178,0.9797816016745726,1.0173627120167117,0.8485441877883967,0.7005516562848086,0.8228465913208484,0.906651986473054,0.7297205814982823,0.9414657414846228,1.1676964784808126,0.680353760946492
549,321,1.23685024309447,1.4078173075315068,1.168076207143378,0.9597738716586891,0.981566131892399,1.0288984816792106,1.1645752114762502,1.3821335654406992,1.5315619214131442,0.7089561448898631
549,483,0.2568524889388922,0.3266301185897823,0.2801168583611732,0.18112334477474337,0.11483325757374499,0.20698341410977097,0.22276769017519632,0.2995781285465532,0.15987586860482172,0.18112742953490932
549,186,0.7617856361744556,0.7734063825929552,0.8481022522452712,0.7084523995697432,0.3850803449418559,0.8014397345477328,0.7555992008531681,0.6577724768951565,0.7522097165318535,0.49298006807238437
1097,390,0.2878008619293189,0.6116462332801572,0.4897758608138318,0.7822448927524306,0.649385292586515,0.6702369302630469,0.6841333923033014,0.9480700313183867,0.49369383565309743,0.681599265906237
1097,332,2.162547172765742,0.38381260111466253,2.232859775256731,1.151176898153485,0.502558640345551,1.1721652594668697,0.8875167611348517,0.6723338132963963,3.0994841257517574,1.0642915917238014
1097,38,0.5825432440258271,0.5967683833782537,0.8470623396818961,0.6662897225096762,0.3287288633902862,0.756478013327804,0.7023542743375877,0.6317694882972251,0.5582190249670872,0.7482593076899432
1097,30,0.3650205535063901,0.19255072401269135,0.30673335162622506,0.24729314083056275,0.20822740954335606,,0.33506988985145636,0.3988921560433635,0.25251133007347754,0.3103375332798496
1097,118,0.3888037169081487,0.3181533578505632,0.7145878835075602,0.46442537352389746,0.26657628889701274,0.5103479971752983,0.5308099123167298,0.6233225335955181,0.4486587914478503,0.46640392528821706
1097,223,0.8042863865314669,0.9348553565528779,0.9815943273889343,1.4072907776240833,,0.6452065176832754,1.0913725746905056,0.6270199413076692,1.0688196435526027,1.063902830870586
1097,72,0.7464931450224176,0.5170758683602622,0.8027961236834125,0.5127160727946823,0.46176516344575197,0.6783590348437767,0.5679455903203391,0.7139035297386686,0.5020676344576612,0.6991777583909442
1097,263,0.7930571591136418,1.354360035410319,1.3892216168300864,0.6960573757028523,0.7450909285488152,1.2449120190315963,1.090536841706763,1.4437522177477857,0.6005344012042725,0.9015991070487378
1097,272,0.3798478746073362,0.5566466072489131,0.6440709690466218,0.47866119117870876,0.49656280481893156,0.21587722496494283,0.6090598082227074,0.9088933856740115,0.2800211545514752,0.4805532476506631
1097,830,0.4554768333882079,0.5197620548856486,0.65553486031437,0.6857453296984466,0.5028275290038452,0.6107930407999249,0.5789562172651459,0.7267890053890548,0.6910821669663633,0.5118582959334843
1097,452,0.5834911999944665,0.6523150425137832,0.8053371611159948,0.4835323516590541,0.405074635792112,0.5051117244793076,0.6469957680336417,0.5404570001086408,0.4028689893010446,0.5256917755618505
1097,523,0.5977018272612208,0.794430193032558,0.9136729860150331,0.8596801804847495,0.6953735653433281,1.0686119759702732,1.0106837696530777,1.0235873420180543,0.6873500345603651,0.7151509909213403
1097,763,0.400284157312434,0.27210075714038584,0.9834084667150946,0.4126796716259198,0.34624356136200574,,0.5148372526317154,0.7531021725377874,0.09021851464302102,0.37648122066509204
1097,914,0.6532070287061136,0.39713391616238625,0.36792140240173615,0.31831101638165893,0.6841338846385431,0.7988791298396649,0.6657598720017116,0.919658333824517,1.2522727696000029,1.0074658333605497
1097,1109,0.8304626758655318,0.7757131724323427,0.8977312584595067,0.6300053905224791,0.6859528598187272,0.8762078686194616,0.7559873624362141,0.9322418991116718,0.5370700540940126,0.7985904928719044
1097,126,0.9688757462712951,0.3992478915020985,0.5114674023302235,0.2648860081312961,,0.13024669747667533,0.10356563161047248,0.9301434206756624,0.85700439980469,0.6781882479853678
1097,133,0.15257545662115718,0.12228990252846939,0.21737922905383936,0.2523300032752721,0.19827005143654178,0.22249349266838409,0.35296325538526363,0.4029768243650641,0.27215377228411586,0.23556207934894596
1097,347,0.5218335727824108,0.3041799552829354,0.5468941638866175,0.4378624917003488,0.34377952671502227,0.32759764337488506,0.5455502999963304,0.57510144674966,0.4925329363504359,0.4948622047735585
1097,286,0.7350656273187861,0.1878724890830662,0.33167031106107864,0.5706568736919917,,0.13897086587886784,0.5714104094446608,0.2097109841398174,0.5104139923725324,0.3158608974228923
1097,338,0.15644463355103358,0.1904202338797162,,,,0.3463034212683968,0.7335121259678878,,0.46693678395002025,
1097,576073699,0.19819470528940594,0.16139410773454266,0.17592557159570013,0.4190453115618307,,0.31872471186009865,0.42985396566428946,0.4874820501062489,0.3746353785940368,0.45881002084999534
1097,689,0.40448494110685795,0.5394779850027374,0.5103657666947958,0.5278078736690011,,0.5950328730067981,0.7537661057182891,0.806029474458672,0.7096195495515993,0.8026594227085792
1097,88,1.0661869945635067,0.7322499425063437,1.1599525970553992,1.395470823529581,0.9286524418718969,1.317854323249777,1.1651685794711495,1.1834503412623232,1.169631193770154,0.9949541022600948
1097,210,2.924078383676008,1.649210312581968,1.7651019906480914,2.2973846609659176,3.092370676763061,1.3549756656518916,0.5010110795732805,2.1909504078693542,2.9787866550242943,1.479206908663548
1097,491,1.3267581348714172,1.2673393063252196,0.8529514780786424,0.991294102139579,1.50957507470357,1.0032038825338103,1.143946437293275,0.8408285103258326,0.9203909711396686,1.0879161418826238
1097,525,1.2054022614794346,1.6467393715981284,0.770865513457247,0.7466822768697737,1.0466970458870397,1.060434307183311,1.3750765400461011,1.2887080001553217,1.0321510746312874,1.011069793605297
1097,1126,1.2737304534552918,0.41060525617577054,1.1674753058925187,0.50627601080835,,0.416254950162396,0.42136374545815053,1.4612352126945207,1.5035576438268936,0.6958802712222697
1097,1,1.5378135677424873,0.4944625065062127,1.0442058690547549,0.5895241768533269,0.16749541468982504,0.8218415743309059,0.33465894770205085,0.8306362264110467,1.6220914725254967,1.049080285069098
1097,515,0.48798711697751873,0.4542935890224908,0.618918611167914,0.7237596866525039,0.4358070963623033,0.6695307000851005,0.7139595055427395,0.8165363827376365,0.6575050193369991,0.518000636806874
1097,980,0.9213517339023662,0.545489594958987,0.7833200495074076,0.41490393168870404,0.5183448383226427,0.7905908840297216,0.3773858745536022,0.9656826686652581,1.1106532895559231,0.5597990834298378
1097,1004,1.1292273916005462,0.5992050179837365,1.385772968851294,0.36141132547581717,0.17893851645783024,0.7249592471005544,0.47460743389208665,0.8953186569865825,1.7686867717401682,1.6555317205973712
1097,63,0.43665093645146263,0.5953009731842682,0.7550498444501469,0.9706021263748549,0.6597422958387208,1.0016939455964762,0.7574056007618735,0.9232222932112139,0.6853278099493967,0.6651842622869093
1097,693,0.989158699024558,1.0438979609786403,1.3656232266183894,1.3060264310741103,1.3510268568233328,1.4612376354546168,1.1800724890501506,1.2415696449026068,1.5707638765591634,1.4805336260215132
1097,946,1.0152756675608792,0.8296470639253121,0.9456957317076498,0.8675838631861963,0.5514641985176759,0.8104547421035871,0.6747351552501263,1.0220012315198033,1.0297543884728182,0.5773551225623558
1097,194,0.9922576426326423,0.8345322039353993,0.9789951343256087,1.0019382530089604,0.5805161155774954,0.9604769701495278,0.8803485771409792,1.0113336651288531,0.9182205389691851,0.5819713591697567
1097,226,0.6743689515556381,0.9589426208331274,1.0882409007264904,1.1143484387341753,0.8192964198497351,1.2105029656449657,1.1903301364087562,1.166050197313585,0.9409049006425664,0.8559454978272603
1097,356,0.9122498546247596,0.7118474072500105,0.5506282588162409,1.2715624539646264,0.5246552568885577,0.5798575067428992,0.5076018874093164,0.6565517577326639,1.2808532609123222,0.28671456010247703
1097,364,1.0259985048341893,0.601292800736046,0.6821916099416995,0.8677010559742108,0.6124000853332725,0.733629797935486,0.32686334307940423,0.8749434197145552,0.9451521761279547,0.405202578033163
1097,576073704,1.110410554217144,0.9894463393105869,1.5032462228002526,1.2634780969918944,0.8481008599707591,1.7494205703463588,1.3111698599593054,1.423012397250629,1.240764964683588,1.1104918753342492
1097,173,1.405175367293973,0.6015045519950339,1.086195352170916,1.0486434566258085,0.8390852000764002,1.3928810404378897,0.9291925829077499,0.6283935241036507,1.2563938510727974,0.9978058397937909
1097,470,1.5166708168151568,0.916061408691387,0.8442837798947955,1.1274338383160158,0.6838688189318095,0.8003822272350563,0.8144483591964837,1.0652168416176695,0.863474783353484,0.3164834489711976
1097,614,0.7812192282630317,0.7450848296181508,0.9777741260756814,1.122303168168103,0.7702115968501367,1.1239604891687205,1.149319031066669,0.7453410480619388,1.1548025367666086,0.8746053009862527
1097,797,1.7078245658513482,1.4263980500728544,1.1027924879087305,1.3463462186194757,1.248267929436899,1.1392774656317086,0.9965634776479325,1.2552294713601877,1.5940689342645473,0.6952319124144625
1097,10671,0.7161501939875445,0.43993105998595056,0.7853797599505986,0.45364766220409825,,,2.2792500017263864,1.9541733569724125,0.8390570490695588,0.6924255652280665
313,302,0.4863185965061524,0.5930746679247807,0.5866891592352061,0.504457896321176,0.8034039220233602,0.633129087909784,0.5725025833694146,0.6717084365898297,0.5171421732390298,0.4659927020998409
313,4,1.8749783679318917,3.0389702406495096,2.3540989472389104,3.073414562513479,2.621655975833326,2.991405179590731,2.6179472192716107,2.3939216810783273,1.78489882775081,2.277864404787857
313,580,1.1938496798578109,1.5420361415543773,1.2200126606946722,1.2428438394513726,2.345679259014845,1.1611725129391237,1.2614363869819731,1.4587720903253016,1.4416453285798758,1.2517798907409627
313,271,0.7449403467843351,1.07141926929325,1.0170686674762888,0.7406450652641648,1.990783820470359,1.394987353478703,0.7237733740098473,1.326237746803516,1.2684468313048383,0.9046317807124253
313,874,2.3349664609915273,3.108348962089935,3.7789877464200305,2.3254544424338257,6.368855463500154,3.47784734482489,3.1067892041074345,4.596546271564668,3.757383185424485,2.412164746061509
313,460,0.6749350061396778,1.1025477704183135,0.7342653829081984,1.0157560041098936,0.40460780792794565,1.1443295388347205,0.7611389204738105,0.9482346918070116,0.7875193626038873,0.4490703234109373
313,599626923,0.3799600335103925,0.8206817458308113,0.4740028350634098,0.19805841663235993,0.3549844633277031,0.3068422857358335,0.5181250171791063,0.4250537077796838,0.5276501104687307,0.2362698369326505
313,381,1.5664236285714257,1.938452695690892,1.515668875817663,1.8214675538497922,1.467354289404749,1.8172378045365463,1.6901870431819184,1.567836886106037,1.7584767720017012,0.9727559753273164
313,749,0.5349288011846668,0.9385792319045276,0.6176826494207546,0.7694985993496279,0.520376706364618,0.65539484468957,0.7366150385312386,0.8877436708009893,0.7767680320732887,0.3695066291422696
313,607344830,0.5609490214035524,0.4782177281573137,0.5093603109133651,0.5644913912553169,0.1873020890826866,0.4466252737043226,0.4448604025934978,0.5617843817648431,0.6707325461586521,0.2205614213441669
313,246,0.9302516929463358,0.6072833267177256,0.9247050608847045,0.8552337770760187,1.250380056026921,0.6565713771330294,0.7010925822970159,0.8025953643017888,0.7217955541108501,0.9028968720413768
313,128,1.17203734095656,1.4554179210204754,1.1648618711249434,1.0688496220791093,1.6258502596053885,1.0961447883298114,1.2494456529128188,1.280943121254349,1.2820744101959918,0.733811014406136
313,294,1.3362324372789847,1.7659313119241984,1.4244771032270414,1.481097465532566,2.166502210037234,1.5419143241334372,1.508975182553363,1.5092324757461615,1.5439339100327647,1.0402036640116072
313,795,0.9598912568943823,1.298883285066526,1.3251183355687663,1.2183040312771787,1.6556523396861766,1.3016029374845048,1.1653258068381358,1.385647629675365,1.2683092349209286,1.1291319317006372
313,215,1.9954742933607077,2.58039233447886,1.4543026044275893,1.127343004780806,1.388701504828465,1.5380321032930129,1.657268300059842,1.6833824222726668,1.868045501535095,1.2229077655657123
313,531,0.5476879554969906,0.7249005140526057,0.582548339857654,0.4624346215902881,0.3872474950873842,0.6591527054263646,0.5686862323201831,0.6253462299482629,1.1457517940343858,0.303342525648084
313,628,1.054101750885678,1.143403142743975,1.0914285855934327,0.7824484364182597,0.7027206178983576,1.1712518934866403,1.1477471363324676,1.1384683321279543,1.4778964605186535,0.6500367407792688
313,634,1.4697010572621807,1.4118713995725354,1.0811958344193733,0.8137902786779668,0.6358188383382044,0.8972337932098172,0.9227675379290231,0.9275697870597479,1.581298442885627,1.0289017300169672
313,706,1.7996206723323764,1.1322505260328646,0.9431076328449817,0.7774574746754506,0.7936529851195426,1.187535468314018,1.1610351931831762,1.2120375730228239,1.2640673826342625,0.9769776699274213
313,1061,1.0114470717164168,1.298322979127721,0.9394818249857152,0.7780816209613755,0.7876275061794595,1.158021392855822,1.554165004222614,1.15459006099721,1.6556043880241123,1.048567620106684
313,616,0.8395811599521338,1.4477775266253983,1.6179118073456535,1.6051230431078456,1.9033936851399658,1.3117394876634767,1.3894516815026163,1.1508840287743625,1.089791694814171,1.6440285174726565
313,214,1.9576547851617991,2.4529668233138917,1.8400379599428336,2.1979066075676976,1.6633201090954446,1.8643346867377506,2.94020404661762,2.059411266111507,2.234701651174464,0.7159691561811884
313,35,3.0556561359554,2.2577050463139314,2.2301546189014987,3.4026042622023933,6.025350218910323,1.98715163615679,2.1375427733592782,2.8203279376479347,2.60273556502705,2.7301382861490153
313,549009211,0.697655621477781,2.561237315331803,1.1224529217465267,1.257843588420244,1.7999441084656573,1.3950687151528707,1.208539416303637,1.9422313397063369,1.6327890809609211,0.8458701082137182
313,975,1.0078991089691154,1.3651715789176415,1.3752846803208052,2.0606288823705965,1.3322070375093018,0.975163274532631,1.2445656398274194,1.5289655158172628,1.5205310162182324,0.8102209100250564
313,115,1.7214519841994238,,3.339586177853115,0.9659358316780399,3.10307309079037,3.0465374326416135,,1.4520120720768441,2.1180145191369157,1.234651793594924
313,606826663,2.863958110156112,1.5034759742292223,1.6465630957880681,0.639343751340577,3.6152310476822764,1.0892589693325576,1.448704439004305,1.747365027258278,1.4950363589856175,1.2920102164844727
313,757,0.446744740357995,1.0325911584281362,1.3741165703749603,1.3602733136648608,2.811020221529151,1.1341952800607984,2.1476997374086766,0.8231041519697083,1.3159410542930157,4.361179294746593
313,231,1.9654082163073534,0.5433869480594911,1.1993220585401685,0.24476331807482496,2.456691456067588,1.0886049279704386,0.9298149457247562,1.215536252838607,0.894464573511423,0.6608838161147089
313,66,0.4393719568547596,1.1179573240888026,0.47032738052568085,0.5672268516700093,0.5384483482908022,0.47406953728687556,0.7795580181691304,1.2277326248834035,0.6752035688902377,0.539539066575094
313,75,0.6726148294717902,0.865983473496879,1.0421211211304287,0.9974415641855353,0.31451309009570094,0.5666706340220176,1.1414695508570876,1.0956485454404545,0.6442647709388775,0.2956685030389466
313,58,0.7119148700429103,1.45812224492367,0.7866741531943839,1.2014201225751833,1.0302738512412193,0.7653334606657414,0.9051168412136613,1.1963341107092327,0.7991479733013693,0.5841551511307518
313,374,0.9127486747037228,1.14304312025834,1.0454030930685188,1.4236002832123495,0.8475698312574594,1.1609597250017183,1.1616508160345795,1.0073830922096576,1.2012566200066328,0.6654127923538297
313,1052,0.9263852016516766,0.8385937346774586,1.1770130802762229,0.5374718302418001,1.9511417197491054,0.9065105171254205,1.0528517350317215,1.0350306352666838,1.051159419028528,1.1871498950068002
313,12,0.4153403548527647,0.5407086591791898,0.6382404614321203,0.6231490234922251,0.408303479066375,0.4267001895233422,0.4948786201106526,0.7706568699717717,0.5971233497270467,0.31810887403137217
313,100,0.39912123041335534,0.3406852498182127,0.5500930928568956,0.5098218599639266,0.3651858586318797,0.3966311921332968,0.5016937058011935,0.6015814648800148,0.49092278239662945,0.3809163126753688
313,197,0.8145648612877501,0.8601856147941207,0.5826638659638792,0.6705458376852689,0.6404820549774228,0.5045415475253686,0.8834351215894117,0.758294693624732,0.720670925453732,0.26967307314810796
313,591,0.563832172530958,0.3172420381794535,0.5767175332577201,0.6280328452875862,1.0152885770825018,0.34808369841235726,0.4772481448078815,0.6434274578960373,0.5484050522783046,0.5426187487655612
313,872,0.5179695455134932,0.6314807927203852,0.8257566436468562,0.6149685229175621,1.0216169899939618,0.7610297324540831,0.7534839456583795,0.8818251791000259,0.748922274613121,0.9275241070370851
771,612,1.457509122332553,1.4657641191671054,1.5855434802342896,0.9204677989418751,2.918408239523314,1.586742781438023,1.4305746364450007,1.8124806161737943,1.6008515046064042,1.3265787893693548
771,7,1.3792897442314507,2.3471207258668874,2.02646099582788,3.0819769714695564,1.622051150421243,2.1110233861069903,2.542264191821188,1.7416249154050907,2.2709361283780205,2.537777797951046
771,867,0.9801839918439813,1.2216098077957638,1.156109013883812,1.446333873538516,0.9285828956481964,1.3701395676926076,1.119037335142416,0.8597918283379499,0.8394483173626714,1.2229473803855135
771,398,1.1669401358929243,1.8129141999594638,1.2833671129397561,2.284757955263547,2.1998036890787227,1.6122969122105832,2.4463846458566394,1.5183526269366079,1.5921993246764508,2.462565228867721
771,280,0.7100496775544959,0.9669238167373629,1.181402261764702,2.8029127603193547,1.567617709993348,1.6255158429504026,0.9608342605388145,1.0704384463967302,,1.2788959387864234
771,880,0.9049036403775711,1.7961273358823786,1.5958530517643015,2.0934373794428534,0.85287344893849,2.315872450177827,1.5339839316649666,1.6962436071659754,1.373004600158622,1.031681884194116
771,599626927,0.6045524290140549,0.9277281615612389,0.8485471222387158,1.3631407568336515,0.9331258765579991,1.089612634028304,0.8614120113630253,0.9168766944593421,0.625729436866113,0.5174062201934955
771,898,0.6810771220384056,1.066572668343191,0.935080044570891,1.4205402988548652,0.7414599297053142,1.336204565892482,0.9846396116927326,1.2836771299189567,0.9167583206742566,0.6833034354743885
771,931,0.7779628983190061,0.7950177438186884,1.250360176554474,1.099938236087193,1.5192492777544113,0.9201200792806091,1.2484618844509339,1.3332621193844973,1.054261216672473,0.8031375703268334
771,1093,1.0263131185984544,1.8238235628179131,1.3481495592211366,2.367437123466993,1.3270591364884876,1.8015431332977678,1.9466734809495194,1.4376847595489028,1.360872692099332,1.2006217210952557
771,318,,0.8141916528325962,0.5553085254183688,1.3504282063971422,0.7189157606984509,1.6633037675454077,1.8542757583331202,2.0852362084083604,1.1010410349282433,1.3677221935029404
771,534,1.0286964692081613,1.6271923813021756,1.7216750385084094,2.532042498562506,1.646214851551893,1.338779905167415,1.979809501401889,1.4282762785485132,1.4478800994817922,1.8884517196211337
771,574,0.8273378001234909,0.7200112621475854,1.2350845476676926,0.4742201484019057,1.1813774096197023,1.215566929403953,1.1879436993032373,1.2787128845805444,0.6702033639539997,0.42604044299096205
771,621,1.3001767123287582,2.2133380077780025,1.6596587215062915,3.1163111643589563,1.1332147603544216,1.619679628882633,2.1312557343551406,1.7331731392941268,1.7120036768037803,1.3608030140305942
771,549009215,0.9062687180499039,1.4014195716566413,1.3059572128904848,2.447304114273385,1.5672764185318946,0.9989117032721148,1.6655203945149921,1.3119974178153238,1.2620947880794962,1.7573287132487745
771,549009219,0.9073242900768308,1.529237194145706,1.2201987112917347,2.8266320596301298,1.6484665991230358,1.0095337801138908,1.4983911491963617,1.4679352674795476,1.0826242096732346,1.2430627912377226
771,549009223,1.0590824609155534,1.30789248259246,1.2611216131978253,2.0008988049761385,1.4346253618600089,0.9737048451252663,1.7198704755112442,1.5241495006001515,1.223123487870426,1.192117081529336
771,549009227,1.2524707670217523,2.3737408818922145,2.1638485814039656,2.5030675235810094,0.9336188813170663,1.6776647534092604,1.547876536124628,1.6762715900001925,1.7948847922809166,1.2483266618262854
771,679,0.5962514565064964,0.5095878347381438,0.8394030560981919,0.392820737006293,0.8839323153546472,0.7068023333684579,0.7637886056316382,1.0650440135812829,0.627769609102691,0.48530448801910203
771,147,0.7569101293178945,0.7842660332784109,0.5957274340137344,1.444555913952428,1.330695011194251,0.9459053073971071,0.5558923024450574,0.6873738186878813,0.6688817335430057,0.736855676569394
771,162,0.6712704050648135,0.8176048259717358,0.8819470815705746,1.2209178435985444,0.7734622110852868,1.5796209859786838,0.8676957367951892,1.108071243004392,0.6890754924922818,0.699343777426157
771,604,0.7300350448107954,1.1327149775562237,0.9193488371569244,1.3860455922976405,0.6851126285239925,1.4815267833563568,0.8799212007277571,1.1297362015206978,1.0128356560347471,0.6639078975141882
771,146,1.1679007196427433,1.0874073196113947,1.6855226069067795,0.8481793924095835,2.342573322660864,1.4221362904222588,1.4395793178357392,1.64943110705863,1.2119401380174661,1.2656751323355881
771,238,0.46254455746135537,0.5831963086742803,0.4828146088354813,1.0656006355034244,0.5293648607536039,0.673177396862015,0.8040269735319046,0.509406067246614,0.4890247944609995,0.40626731281925726
771,350,1.002574738650203,1.2421591853387417,1.6568236482268806,4.103463502304592,1.876334404688708,2.324632881582521,1.3945644325198399,1.3892078177789906,,2.0651200437200337
771,358,0.7044855892820819,1.345165399815706,1.4912482202987796,3.0317457041054268,1.735771317487966,2.217206103931621,1.147225345635268,1.390685385426253,,1.4337893133711856
354,96,0.6484639342271795,1.2737372482129008,1.1647647523092663,1.1138665650044481,1.5788951262262572,0.884416145175345,1.0349428576510982,1.2997553330325187,1.196155831201335,1.555821383156332
354,101,1.284430758286973,1.56048236422432,1.3390783291436241,1.9163305791231762,1.3961969566082124,1.427377282935343,1.475967513109794,1.4768880715351624,1.6161106222755206,1.3707967283317848
354,642,0.8505395489501846,1.620475054890368,1.7279700525971142,2.5462061460923158,1.818218042035051,2.2832028276726044,2.7917097728545843,1.595863810692879,1.4877079206010835,3.004246143507198
354,651,,,1.2068181853294813,1.1361248793734378,1.3485615854908999,1.0160703403347011,1.0649237519714267,0.8826032430561122,0.5814184384135762,1.7399869602536864
354,437,,,2.5464208390482925,,,1.199957049675841,,,,
354,445,0.7442100006459972,1.879630318787486,1.7582067990824755,2.547999099677023,2.0765962881544535,1.4160119583470157,1.411073368378152,1.5686985935972921,1.9729700993512147,2.5162438374923806
354,653,,0.8790539388709386,1.63067687370106,3.8729400106588168,0.49967546191929796,0.7939212018212232,1.6825902999397206,2.007249945148718,1.1657130425767561,1.4238074348167264
354,661,0.47000544313506093,1.1727431957459244,1.3933461542336754,1.5758705416565535,1.2308956433308917,1.537328533236553,1.3193719417183218,1.0515335875497793,1.4591571696266539,1.1039276301967098
354,576,0.6345402168898108,1.5700584010980188,1.9692855762120784,3.230856044732653,1.342352890998011,2.8381486350729976,2.1493480761348205,2.013088250963573,2.209701251690462,1.819903960131932
354,135,,,1.2639499095432403,,1.720349436078148,1.074282418140374,1.2487589403622616,0.9504520057469755,,1.7686548625394765
354,1048,0.4540465173508803,1.8216616434236375,1.907943055272566,1.7366683970152803,1.4287372387372954,1.5698850319166988,1.5903186184022915,1.084004745022089,1.4790741596843793,1.7147270963578543
354,372,,,0.6480688126926054,0.3231615183245274,1.3135657003495407,0.5159115439806348,1.6786973447244484,0.551253848713691,0.2496671663877652,1.971117248999578
354,83,,,1.6886168354902766,,2.1293509261172954,1.4565093329093608,1.4447688316895977,0.754720924528457,,2.7754633782184017
354,136,0.6301222809723241,1.3847247345595852,1.6019942315572568,1.8879727501844574,1.2911001155228934,1.3964636742784997,1.2807696417156371,1.1945093504653677,1.3556304268296642,1.518487700729318
354,106,,,1.3101111073687073,1.1617775360416356,1.3969957768453993,1.1384430683552331,1.2651842316035098,1.132242487644917,0.7165366382484245,0.4286128264602989
354,235,,,1.3130389885622415,,,0.9607079849071218,,,,
354,307,0.6203092819548834,2.221232375326393,2.0225609202522707,1.9618578317890907,1.949109086622994,2.057606620551663,2.028319593885083,1.3443676981844,1.8280202990095318,1.917216232605609
354,852,0.8305220198062772,1.5667200293211399,1.730600178624168,2.551105274189879,1.658638826498155,1.4941640022078835,1.3280364668731757,1.3514123877736115,1.6854934515232451,1.9722236889893545
354,970,,1.5849248589130331,1.2758299981587222,0.6976830060104265,1.5724066990855334,1.3264964371610228,1.1137795988974268,0.8388196796426607,1.3614411731033071,1.3870592000039066
354,978,,1.4828235688911189,1.518610872174834,1.308623579567017,1.7246375992160694,1.4491565448659467,1.5208400612779935,0.9308758534582201,1.2328806987312566,2.01324849174378
354,169,,1.6610697292231482,1.6631195498293352,1.2192933973155515,2.384851006528685,1.864940248667655,1.867796672222397,1.4538747319315535,0.9715586175650527,1.9863361107081003
354,1069,0.6750850006140107,1.7696737178335458,1.6081891005627107,1.8267965114848659,1.475982412045846,1.8376242118104096,1.9526522176750507,1.2896491707272504,1.5528960192131458,1.425309850140295
354,209,,1.5183562875092704,1.193186870290743,0.9488358685834738,1.9339037411567566,1.3655994631245552,1.1697872403205596,1.43458290296965,1.138355790620615,2.0117356172643626
354,202,1.7907608780207935,1.7211777597074878,1.811549216262329,1.9367299058377965,2.266297245770323,1.8112424361670738,1.697270742089465,1.6856825636166126,1.628188277445033,2.342897714046432
354,225,,,1.0017730242878533,0.46768135405313715,1.458055325380827,1.1447586539062884,1.5663912796821857,0.8155717217190741,0.4740933811006247,1.6971720230243836
354,217,1.5572006352142689,2.0591607574634647,1.7246624931994627,1.3295345247393042,2.5447766361311017,1.9172645067410712,1.9308586096166642,2.1002169601910983,1.5324164278841212,2.8950303952746927
354,765,,,1.0019713375971877,,1.1929848259895743,0.8338133656731165,0.9351593252715875,0.6975621563855646,,2.0035963697686157
354,781,,3.4783266356234193,1.5570204490948414,0.8581124787045978,3.577526475150749,2.4604579705967153,2.058963170491944,1.6086508567706526,0.41178795300366494,2.2318041283117434
354,206,0.6622756305414299,1.8824382897464473,1.8222552707378226,1.784866150915423,1.3005580593079502,2.4022947297462265,2.1961191726320304,1.4579829038212433,1.4732259865379218,1.5581885805419142
354,230,0.37229080051998437,1.200135293962668,0.7573037085024132,1.292022773591134,0.955515670198141,1.583846955934197,1.1261189954354267,1.166223563580304,1.0300314203317582,0.828528795999811
354,222,,,1.8324774183545196,,1.9065635731279815,1.9691508560466742,,0.6484896703129057,,3.382879075280738
512,912,,0.417607357700152,0.2685770090782255,0.3075776850015559,0.3648634845826822,0.39413955730188077,0.341775592440235,0.38894199677651503,0.5596213902934463,0.6765305660316043
512,920,0.4077353507764747,0.4841548809892696,0.36873929275071976,0.4138057609815879,0.4136059687625225,0.42718448476499915,0.4117507566159715,0.41630369607509204,0.5221445761786689,0.5979216561711509
512,928,0.4600153581820147,0.46736875503077574,0.3328447172390077,0.39438072813658215,0.36792615306178694,0.36649120632603277,0.2713641946282616,0.4219390786993272,0.3005815338767851,0.5541106766720235
512,936,,,,,0.07704565374054646,0.24305734730155681,0.029362352688292515,0.5794975874629313,,0.1793108700258235
512,968,,,0.6817703421808364,,1.052017514065464,0.490384980413338,0.25884727130876795,0.3519485344272264,,0.6461148973878861
512,1007,0.333276672478289,0.3858607539987158,0.2575571601672881,0.2908192986834786,0.24404034586272322,0.2466081220832602,0.1603806930010517,0.262869768753342,0.24057832050482464,0.38423226516401965
512,1017,0.2884403769576431,0.39739888286934294,0.3128849458406839,0.2646780875975101,0.33310058264767006,0.2099354476862055,0.18639139453624218,0.23279203219290137,0.2819245011068046,0.421058747241188
512,1025,,0.25931658664502133,0.33440448076520196,0.2694818436515061,0.44027875974462893,0.2332010704271018,0.15521643980432004,0.30924950662892076,0.2844372235642051,0.4033800027134956
512,1033,0.6041080730377568,0.48196528888471113,0.476081979795981,0.3150154035179796,0.5129273308242706,0.2621019273994163,0.31975974638156124,0.30290379787202526,0.5257191127432842,0.5497849009773244
512,1041,0.568377423415827,0.381623418635052,0.3090399885639699,0.4087612626660564,0.42290501815574505,0.3415960481558468,0.2569192963535784,0.34523101819113566,0.37956390397179973,0.380528666704119
512,1049,0.6366403127567595,0.43000213371367263,0.3502285984322143,0.3833146349037479,0.38289485762206876,0.40213611095946494,0.2964091339861442,0.4536940905769972,0.4338002298712689,0.36653204734401407
512,989,,2.254374164171407,1.0912212852342298,0.5371199026085715,1.856522704245269,0.8269261878259597,1.9070489419136016,0.8074341687561976,0.44616704467364976,2.2952722758509863
512,91,,2.287511150606404,1.0798310078793056,1.062460417281402,2.508488820220471,0.9575578794091736,2.1884514512025115,1.138493917670904,0.8180395044515546,2.701257443792823
512,846,1.9054823423094724,1.4597024560944125,1.3357500799337851,1.1068222533532057,1.9019155944282085,1.185855251128927,1.44168155646508,1.2821929750987289,1.077236582416464,2.188972104012721
512,589508455,,1.9827688810219564,0.9876499585295236,0.7785306524371421,1.9272488055732204,1.1464736526249282,1.743714322657731,1.1134679748831482,0.43134561494067974,1.950688673004443
1009,1009,0.7866282591307729,0.8031017374826972,0.6962482035461842,0.5985216138159482,0.667262493750925,0.6791304478401676,0.7073054372720129,0.6226411169487742,0.6836846990805295,0.61173614895031
